{"RMSE": [0.012297069933680774, 0.013354901408674357, 0.013460739511068989, 0.01354569006178785, 0.013380542300980318], "Fitnesses": [0.7602, 0.6576, 0.622, 0.6008, 0.5576], "label": 1}