{"scan_0.ply": [-0.7265621423721313, 0.2825394570827484, -1.7303111553192139, -1.6618993282318115, -0.4531174302101135, -0.32276129722595215], "scan_1.ply": [-0.6262576580047607, 0.3002695143222809, -1.6730852127075195, -1.6837785243988037, -0.45353028178215027, -0.28841960430145264], "scan_2.ply": [-0.5244215726852417, 0.31693822145462036, -1.6160776615142822, -1.673883318901062, -0.4549347460269928, -0.29540762305259705], "scan_3.ply": [-0.42335012555122375, 0.334387868642807, -1.5520702600479126, -1.6790446043014526, -0.46665534377098083, -0.3147163689136505], "scan_4.ply": [-0.3189692497253418, 0.35239657759666443, -1.4946080446243286, -1.6675536632537842, -0.45413336157798767, -0.3157683312892914], "scan_5.ply": [-0.21345853805541992, 0.3682789206504822, -1.4347094297409058, -1.6649529933929443, -0.4604622423648834, -0.3209536671638489]}