{"RMSE": [0.012094310125164216, 0.01332440227521911, 0.013409497818862493, 0.013500345001088163, 0.013665614656827342], "Fitnesses": [0.7704, 0.6664, 0.629, 0.59, 0.5666], "label":1}