{"RMSE": [0.01203415340191286, 0.013295896382650548, 0.013247399277231772, 0.013411201016838304, 0.013517627587486813], "Fitnesses": [0.7558, 0.6672, 0.621, 0.5856, 0.5604], "label" : 1}