{"RMSE": [0.01223116465396837, 0.013227151568444302, 0.01353655608883816, 0.013722989395386385, 0.01355551340961598], "Fitnesses": [0.7738, 0.6464, 0.6144, 0.5702, 0.5546],"label" : 1}