{"RMSE": [0.012213583001848655, 0.013329800616798606, 0.01346720775334352, 0.013598433908753104, 0.013521631751119064], "Fitnesses": [0.77, 0.6374, 0.6286, 0.5882, 0.5416], "label" : 1}