{"scan_0.ply": [-0.019885161891579628, 0.3973018229007721, -1.1446067094802856, -1.1715118885040283, 0.33623218536376953, 0.4004817008972168], "scan_1.ply": [0.08772478252649307, 0.4179759621620178, -1.2030528783798218, -1.1734750270843506, 0.322917103767395, 0.37761861085891724], "scan_2.ply": [0.19028852880001068, 0.43824946880340576, -1.2644050121307373, -1.1620643138885498, 0.32532793283462524, 0.3810884654521942], "scan_3.ply": [0.29696494340896606, 0.45727473497390747, -1.3229939937591553, -1.1539450883865356, 0.30298683047294617, 0.3733353316783905], "scan_4.ply": [0.40192142128944397, 0.4763396978378296, -1.3824478387832642, -1.160710096359253, 0.3061394989490509, 0.37869080901145935], "scan_5.ply": [0.5026106834411621, 0.49320361018180847, -1.4403616189956665, -1.1531697511672974, 0.285329133272171, 0.3750631809234619]}