{"RMSE": [0.012505308459905792, 0.013302675658115189, 0.013418204241988828, 0.013240102277762395, 0.013290136737409728], "Fitnesses": [0.7606, 0.6596, 0.6232, 0.5904, 0.5624], "label" : 1}