{"RMSE": [0.012561698224231048, 0.013222271644525153, 0.01346215564007118, 0.013449060599865403, 0.013503452477162295], "Fitnesses": [0.7756, 0.673, 0.6296, 0.6006, 0.544], "label" : 0}