{"RMSE": [0.012191596357548377, 0.013191896764261147, 0.01323070311280401, 0.013268348566141258, 0.01368969615381108], "Fitnesses": [0.7688, 0.6424, 0.634, 0.6018, 0.564], "label" : 1}