{"RMSE": [0.012354487032312483, 0.013252729256588713, 0.013294771389404618, 0.013469763908726427, 0.013503832245483538], "Fitnesses": [0.7478, 0.659, 0.6248, 0.5886, 0.5818], "label" : 1}