{"RMSE": [0.012313741593725834, 0.01336085440930658, 0.013353547086527476, 0.013549240149652812, 0.013520684479655161], "Fitnesses": [0.765, 0.6586, 0.6266, 0.5904, 0.565], "label" : 1}